Award Name,External,Award Finder,Canvas,Procedures,Cascade Edit
Beinecke,https://beineckescholarship.org/beinecke-scholarship/,https://college.emory.edu/national-awards/awards/award-beinecke.html,https://canvas.emory.edu/courses/30739/pages/beinecke-scholarship-program,http://college.emory.edu/national-awards/documents/secure-documents/beinecke-procedures.pdf,https://cascade.emory.edu/entity/open.act?id=779788250ae72098246a8ecaa7e69328&type=page
B Jones Scholar,,https://college.emory.edu/national-awards/awards/award-b-jones-scholar.html,https://canvas.emory.edu/courses/30739/pages/bobby-jones-scholarship,http://college.emory.edu/national-awards/documents/secure-documents/bobby-jones-scholarship-procedures.pdf,https://cascade.emory.edu/entity/open.act?id=81fab0c70ae72098246a8eca3ea7d806&type=page
Bredow,,https://college.emory.edu/national-awards/awards/award-bredow.html,https://canvas.emory.edu/courses/30739/pages/Bredow%20Scholarship?titleize=0,http://college.emory.edu/national-awards/documents/secure-documents/bredow-procedures.pdf,https://cascade.emory.edu/entity/open.act?id=81e4cfef0ae72098246a8eca0894cdd2&type=page
Carnegie,https://carnegieendowment.org/junior-fellows-program-important-dates?lang=en,https://college.emory.edu/national-awards/awards/award-carnegie.html,https://canvas.emory.edu/courses/30739/pages/carnegie-gaither-junior-fellows-program,http://college.emory.edu/national-awards/documents/secure-documents/carnegie-procedures.pdf,https://cascade.emory.edu/entity/open.act?id=81fd0b2d0ae72098246a8ecae2efc081&type=page
Churchill,https://www.churchillscholarship.org/the-scholarship#Apply,https://college.emory.edu/national-awards/awards/award-churchill.html,https://canvas.emory.edu/courses/30739/pages/winston-churchill-foundation-scholarship,http://college.emory.edu/national-awards/documents/secure-documents/churchill-procedures.pdf,https://cascade.emory.edu/entity/open.act?id=856920220ae72098246a8ecab7b686c0&type=page
Critical Language,https://clscholarship.org/apply,https://college.emory.edu/national-awards/awards/award-critical-language.html,,,https://cascade.emory.edu/entity/open.act?id=9b362ad80ae720870ea40fa3a204e66e&type=page
Daad,https://www.daad.org/en/find-funding/graduate-opportunities/research-grants/german-studies-research-grants/,https://college.emory.edu/national-awards/awards/award-daad.html,,,https://cascade.emory.edu/entity/open.act?id=856a029f0ae72098246a8ecac453fb37&type=page
Frederick Douglas,https://www.ciee.org/go-abroad/college-study-abroad/scholarships/douglass-oconnell-global-internship,https://college.emory.edu/national-awards/awards/award-frederick-douglas.html,,,
Eisenhower,https://www.efworld.org/apply-now/,https://college.emory.edu/national-awards/awards/award-eisenhower.html,https://canvas.emory.edu/courses/30739/pages/eisenhower-global-scholars,,https://cascade.emory.edu/entity/open.act?id=86235b6e0ae720870b9cda27da910ef2&type=page
EAB,https://together.emory.edu/alumni/awards/student-awards-and-scholarship,https://college.emory.edu/national-awards/awards/award-EAB.html,,,https://cascade.emory.edu/entity/open.act?id=c5fad0590ae7209803e33f516afdd498&type=page
Fulbright Eta,https://us.fulbrightonline.org/,https://college.emory.edu/national-awards/awards/award-fulbright-eta.html,https://canvas.emory.edu/courses/30739/pages/fulbright-english-teaching-assistantship,http://college.emory.edu/national-awards/documents/secure-documents/fulbright-eta-procedures.pdf,https://cascade.emory.edu/entity/open.act?id=8571ec7d0ae72098246a8ecace09e915&type=page
Fulbright Rs,https://us.fulbrightonline.org/,https://college.emory.edu/national-awards/awards/award-fulbright-rs.html,https://canvas.emory.edu/courses/30739/pages/fulbright-research-slash-study-grant,http://college.emory.edu/national-awards/documents/secure-documents/fulbright-rs-procedures.pdf,https://cascade.emory.edu/entity/open.act?id=8572bd190ae72098246a8eca753b1df2&type=page
Gates Cambridge,https://www.gatescambridge.org/apply/timeline/,https://college.emory.edu/national-awards/awards/award-gates-cambridge.html,https://canvas.emory.edu/courses/30739/pages/gates-cambridge-scholarship,http://college.emory.edu/national-awards/documents/secure-documents/gates-cambridge-application-guide.pdf,https://cascade.emory.edu/entity/open.act?id=85740f9c0ae72098246a8ecad48c0120&type=page
Goldwater,https://goldwaterscholarship.gov/important-dates/,https://college.emory.edu/national-awards/awards/award-goldwater.html,https://canvas.emory.edu/courses/30739/pages/goldwater-scholarship,http://college.emory.edu/national-awards/documents/secure-documents/goldwater-procedures.pdf,https://cascade.emory.edu/entity/open.act?id=8574ee390ae72098246a8eca7274497b&type=page
Grad Stem Diversity,https://stemfellowships.org/applicants/,https://college.emory.edu/national-awards/awards/award-grad-stem-diversity.html,,,
Hertz,https://www.hertzfoundation.org/hertz-fellowship/apply/,https://college.emory.edu/national-awards/awards/award-hertz.html,,,https://cascade.emory.edu/entity/open.act?type=page&id=857608fb0ae72098246a8ecaf834059c&confId=c59e92ea0ae7209872515ec0d0a9edd0
Madison Fellows,https://apply.mykaleidoscope.com/scholarships/2027JamesMadisonGraduateFellowship,https://college.emory.edu/national-awards/awards/award-madison-fellows.html,,,https://cascade.emory.edu/entity/open.act?type=page&id=8584a0980ae72098246a8eca9a463a22&confId=c59e92ea0ae7209872515ec0d0a9edd0
Knight Hennessy,https://knight-hennessy.stanford.edu/admission/before-you-apply/dates-and-deadlines,https://college.emory.edu/national-awards/awards/award-knight-hennessy.html,https://canvas.emory.edu/courses/30739/pages/Knight-Hennessy%20Scholars%20Program?titleize=0,http://college.emory.edu/national-awards/documents/secure-documents/knight-hennessy-guidelines.pdf,https://cascade.emory.edu/entity/open.act?type=page&id=85825dfa0ae72098246a8ecad4b95f5b&confId=c59e92ea0ae7209872515ec0d0a9edd0
Leland Hunger,https://www.hungercenter.org/what-we-do/leland-fellowship/fellows/#apply,https://college.emory.edu/national-awards/awards/award-leland-hunger.html,,,https://cascade.emory.edu/entity/open.act?type=page&id=4b86b87c0ae720980a596af4e087e98e&confId=c59e92ea0ae7209872515ec0d0a9edd0
Luce,https://apply-lucescholars.smapply.io/,https://college.emory.edu/national-awards/awards/award-luce.html,https://canvas.emory.edu/courses/30739/pages/luce-scholars-program,http://college.emory.edu/national-awards/documents/secure-documents/luce-procedures.pdf,https://cascade.emory.edu/entity/open.act?type=page&id=858302b00ae72098246a8ecaffe36c4e&confId=c59e92ea0ae7209872515ec0d0a9edd0
Marshall,https://www.marshallscholarship.org/apply,https://college.emory.edu/national-awards/awards/award-marshall.html,https://canvas.emory.edu/courses/30739/pages/marshall-scholarship,http://college.emory.edu/national-awards/documents/secure-documents/marshall-procedures.pdf,https://cascade.emory.edu/entity/open.act?type=page&id=8585f2010ae72098246a8eca59156608&confId=c59e92ea0ae7209872515ec0d0a9edd0
David Weill,https://www.sciencespo.fr/students/en/fees-funding/bursaries-financial-aid/david-weill-scholarship/,https://college.emory.edu/national-awards/awards/award-david-weill.html,https://canvas.emory.edu/courses/30739/pages/michel-david-weill,http://college.emory.edu/national-awards/documents/secure-documents/mdw-procedures.pdf,https://cascade.emory.edu/entity/open.act?type=page&id=856fe9090ae72098246a8eca97699642&confId=c59e92ea0ae7209872515ec0d0a9edd0
Mitchell,https://us-irelandalliance.org/scholarships,https://college.emory.edu/national-awards/awards/award-mitchell.html,https://canvas.emory.edu/courses/30739/pages/Mitchell%20Scholarship?titleize=0,http://college.emory.edu/national-awards/documents/secure-documents/mitchell-procedures.pdf,https://cascade.emory.edu/entity/open.act?type=page&id=8588fda90ae72098246a8ecad7f83fe5&confId=c59e92ea0ae7209872515ec0d0a9edd0
Mount Vernon,,https://college.emory.edu/national-awards/awards/award-mount-vernon.html,,,https://cascade.emory.edu/entity/open.act?type=page&id=8589b0360ae72098246a8eca91cebc94&confId=c59e92ea0ae7209872515ec0d0a9edd0
Nsf Grfp,https://new.nsf.gov/funding/opportunities/grfp-nsf-graduate-research-fellowship-program/nsf24-591/solicitation,https://college.emory.edu/national-awards/awards/award-nsf-grfp.html,https://canvas.emory.edu/courses/30739/pages/national-science-foundation-graduate-research-fellowships-program,http://college.emory.edu/national-awards/documents/secure-documents/nsf-grfp-guide.pdf,https://cascade.emory.edu/entity/open.act?type=page&id=86c1b47c0ae72098246a8eca835b6c3e&confId=c59e92ea0ae7209872515ec0d0a9edd0
Nsf Reu,https://new.nsf.gov/funding/opportunities/reu-research-experiences-undergraduates/nsf23-601/solicitation,https://college.emory.edu/national-awards/awards/award-nsf-reu.html,,,https://cascade.emory.edu/entity/open.act?type=page&id=8b82a5800ae7208701f3d3956df20139&confId=c59e92ea0ae7209872515ec0d0a9edd0
Noaa Hollings,https://www.noaa.gov/office-education/hollings-scholarship/news,https://college.emory.edu/national-awards/awards/award-noaa-hollings.html,,,https://cascade.emory.edu/entity/open.act?type=page&id=b05408160ae720982b0302a068b554bf&confId=c59e92ea0ae7209872515ec0d0a9edd0
Petit,https://research.gatech.edu/bio/petit-undergraduate-research-scholars-program,https://college.emory.edu/national-awards/awards/award-petit.html,,,https://cascade.emory.edu/entity/open.act?type=page&id=858eaf470ae72098246a8ecae080abaa&confId=c59e92ea0ae7209872515ec0d0a9edd0
Amgen Scholars,https://amgenscholars.com/us-program/,https://college.emory.edu/national-awards/awards/award-amgen-scholars.html,,,https://cascade.emory.edu/entity/open.act?type=page&id=8b6fa74c0ae7208701f3d395f7adc643&confId=c59e92ea0ae7209872515ec0d0a9edd0
Quad Fellowship,https://www.quadfellowship.org/apply,https://college.emory.edu/national-awards/awards/award-quad-fellowship.html,,,https://cascade.emory.edu/entity/open.act?type=page&id=6604e3390ae720872ab61b22452d08a4&confId=c59e92ea0ae7209872515ec0d0a9edd0
Rangel,https://apply.rangelprogram.org/,https://college.emory.edu/national-awards/awards/award-rangel.html,https://canvas.emory.edu/courses/30739/pages/payne-pickering-and-rangel,,
Rhodes,https://www.rhodeshouse.ox.ac.uk/scholarships/applications/united-states/,https://college.emory.edu/national-awards/awards/award-rhodes.html,https://canvas.emory.edu/courses/30739/pages/rhodes-scholarship,http://college.emory.edu/national-awards/documents/secure-documents/rhodes-procedures.pdf,https://cascade.emory.edu/entity/open.act?type=page&id=8591c7f70ae72098246a8eca64629812&confId=c59e92ea0ae7209872515ec0d0a9edd0
Schwarzman,https://www.schwarzmanscholars.org/admissions/,https://college.emory.edu/national-awards/awards/award-schwarzman.html,https://canvas.emory.edu/courses/30739/pages/schwarzman-scholars-program,http://college.emory.edu/national-awards/documents/secure-documents/schwarzman-procedures.pdf,https://cascade.emory.edu/entity/open.act?type=page&id=85a6029b0ae72098246a8eca4f8ce56c&confId=c59e92ea0ae7209872515ec0d0a9edd0
Shepard,,https://college.emory.edu/national-awards/awards/award-shepard.html,https://canvas.emory.edu/courses/30739/pages/Shepard%20Scholarship?titleize=0,http://college.emory.edu/national-awards/documents/secure-documents/shepard-procedures.pdf,https://cascade.emory.edu/entity/open.act?type=page&id=85a816430ae72098246a8ecab9c9bf0d&confId=c59e92ea0ae7209872515ec0d0a9edd0
Sonny Carter,,https://college.emory.edu/national-awards/awards/award-sonny-carter.html,https://canvas.emory.edu/courses/30739/pages/sonny-carter-scholarship,http://college.emory.edu/national-awards/documents/secure-documents/sonny-carter-procedures.pdf,https://cascade.emory.edu/entity/open.act?type=page&id=85673a360ae72098246a8eca0a600bd8&confId=c59e92ea0ae7209872515ec0d0a9edd0
Truman,https://www.truman.gov/apply/applying/important-dates,https://college.emory.edu/national-awards/awards/award-truman.html,https://canvas.emory.edu/courses/30739/pages/truman-scholarship-program,http://college.emory.edu/national-awards/documents/secure-documents/truman-procedures.pdf,https://cascade.emory.edu/entity/open.act?type=page&id=85aa26300ae72098246a8eca83c91277&confId=c59e92ea0ae7209872515ec0d0a9edd0
Wwtf,https://www.wilsoncenter.org/fellowship-application-guidelines,https://college.emory.edu/national-awards/awards/award-wwtf.html,,,
